Packet,1_2_Id,2_0_1_7_Id,Status
ChangeCVarPacket,,0x04e,NEW_IN_2_0
CSAcceptCheatQuestContextPacket,0xfff,0xfff,SAME
CSActiveWeaponChangedPacket,0x08c,0x0a2,RENUMBERED
CSAddBlockedUserPacket,0x107,0x0f0,RENUMBERED
CSAddFriendPacket,0x104,0x0f5,RENUMBERED
CSAesXorKey_05_Packet,,0x0de,NEW_IN_2_0
CSAesXorKeyPacket,,0x0de,NEW_IN_2_0
CSAllowHousingRecoverPacket,0x05d,0x04f,RENUMBERED
CSApplyToInstantGamePacket,0x0e1,0x0ab,RENUMBERED
CSAskRiskyTeamActionPacket,0x088,0x0fa,RENUMBERED
CSAuctionBidPacket,,0x02c,NEW_IN_2_0
CSAuctionLowestPricePacket,0x0bc,0x163,RENUMBERED
CSAuctionMyBidListPacket,0x0bb,0x0d5,RENUMBERED
CSAuctionPostPacket,0x0b7,0x129,RENUMBERED
CSAuctionSearchPacket,0x0b8,0x065,RENUMBERED
CSBeautyshopDataPacket,0x12d,0x00a,RENUMBERED
CSBidAuctionPacket,0x0b9,0xfff,RENUMBERED
CSBindSlavePacket,0x031,0x048,RENUMBERED
CSBoardingTransferPacket,0x067,0x15a,RENUMBERED
CSBroadcastOpenEquipInfoPacket,,0x07c,NEW_IN_2_0
CSBroadcastVisualOptionPacket,0x119,0x016,RENUMBERED
CSBuyCoinItemPacket,0x0af,0x0fd,RENUMBERED
CSBuyHousePacket,0x060,0x15e,RENUMBERED
CSBuyItemsPacket,0x0ae,0x01b,RENUMBERED
CSBuyPriestBuffPacket,0x0b2,0x128,RENUMBERED
CSBuySpecialtyItemPacket,0xfff,0xfff,SAME
CSCancelAuctionPacket,0x0ba,0x0b9,RENUMBERED
CSCancelCharacterDeletePacket,0x027,0x0df,RENUMBERED
CSCancelInstantGamePacket,0x0e2,0x0f1,RENUMBERED
CSCancelLeaveWorldPacket,0x002,0x045,RENUMBERED
CSCancelTradePacket,0x0ef,0x081,RENUMBERED
CSCancelTrialPacket,0x074,0x083,RENUMBERED
CSCannotStartTradePacket,0x0ee,0x08c,RENUMBERED
CSCanStartTradePacket,0x0ed,0x141,RENUMBERED
CSChallengeDuelPacket,0x050,0xfff,RENUMBERED
CSChangeAppellationPacket,0x0f9,0x057,RENUMBERED
CSChangeAutoUseAAPointPacket,,0x113,NEW_IN_2_0
CSChangeDoodadDataPacket,0x0eb,0x068,RENUMBERED
CSChangeDoodadPhasePacket,0x0e9,0x0c4,RENUMBERED
CSChangeExpeditionMemberRolePacket,0x007,0x108,RENUMBERED
CSChangeExpeditionOwnerPacket,0x008,0x0bd,RENUMBERED
CSChangeExpeditionRolePolicyPacket,0x006,0x079,RENUMBERED
CSChangeExpeditionSponsorPacket,0xfff,0xfff,SAME
CSChangeHouseNamePacket,0x059,0x09e,RENUMBERED
CSChangeHousePayPacket,0xfff,0xfff,SAME
CSChangeHousePermissionPacket,0x05a,0x0ea,RENUMBERED
CSChangeItemLookPacket,0xfff,0x16f,RENUMBERED
CSChangeLootingRulePacket,0x083,0x060,RENUMBERED
CSChangeMateEquipmentPacket,0x0a9,0x093,RENUMBERED
CSChangeMateNamePacket,0x0a6,0x06f,RENUMBERED
CSChangeMateTargetPacket,0x0a5,0x0af,RENUMBERED
CSChangeMateUserStatePacket,0x0aa,0x0e3,RENUMBERED
CSChangeSecondPasswordPacket,,0x05c,NEW_IN_2_0
CSChangeSlaveEquipmentPacket,0x037,0x13a,RENUMBERED
CSChangeSlaveNamePacket,0x034,0x0e4,RENUMBERED
CSChangeSlaveTargetPacket,0xfff,0xfff,SAME
CSChangeTargetPacket,0x02c,0x03e,RENUMBERED
CSCharacterConnectionRestrictPacket,,0x0ed,NEW_IN_2_0
CSCharDetailPacket,0x106,0xfff,RENUMBERED
CSCheckDemoModePacket,,0x006,NEW_IN_2_0
CSCheckSecondPasswordPacket,,0x126,NEW_IN_2_0
CSCleanupLogicLinkPacket,0x0f7,0x032,RENUMBERED
CSClearSecondPasswordPacket,,0x144,NEW_IN_2_0
CSCofferInteractionPacket,0x06c,0x147,RENUMBERED
CSCompletedCinemaPacket,0x0ce,0x0c3,RENUMBERED
CSCompleteQuestContextPacket,0x0d6,0x104,RENUMBERED
CSConsoleCmdUsedPacket,0x064,0x076,RENUMBERED
CSConstructHouseTaxPacket,0x056,0x03a,RENUMBERED
CSConvertItemLookPacket,0x049,0xfff,RENUMBERED
CSConvertItemLookPacket_,,0x03f,NEW_IN_2_0
CSConvertToRaidTeamPacket,0x080,0x16a,RENUMBERED
CSCreateCharacterPacket,0x022,0x15c,RENUMBERED
CSCreateDoodadPacket,0x0e6,0x04d,RENUMBERED
CSCreateExpeditionPacket,0x004,0x07a,RENUMBERED
CSCreateHousePacket,0x057,0x152,RENUMBERED
CSCreateSecondPasswordPacket,,0x0ae,NEW_IN_2_0
CSCreateShipyardPacket,0x0fc,0x049,RENUMBERED
CSCreateSkillControllerPacket,0x08b,0x14b,RENUMBERED
CSCriminalLockedPacket,0x06e,0x12b,RENUMBERED
CSDeclareExpeditionWarPacket,,0x0d3,NEW_IN_2_0
CSDecorateHousePacket,0x058,0x07b,RENUMBERED
CSDeleteBlockedUserPacket,0x108,0x043,RENUMBERED
CSDeleteCharacterPacket,0x024,0x14e,RENUMBERED
CSDeleteFriendPacket,0x105,0x119,RENUMBERED
CSDeleteMailPacket,0x0a1,0x121,RENUMBERED
CSDeletePortalPacket,0x0df,0x0b3,RENUMBERED
CSDepositMoneyPacket,0x047,0x036,RENUMBERED
CSDespawnSlavePacket,0x02f,0x029,RENUMBERED
CSDestroyItemPacket,0x038,0x06e,RENUMBERED
CSDestroySlavePacket,0x030,0x0e7,RENUMBERED
CSDiscardSlavePacket,0x032,0x133,RENUMBERED
CSDismissExpeditionPacket,0x00b,0x0cf,RENUMBERED
CSDismissTeamPacket,0x084,0x134,RENUMBERED
CSDowngradeExpertLimitPacket,0x100,0x17e,RENUMBERED
CSDropQuestContextPacket,0x0d7,0x109,RENUMBERED
CSEditCharacterPacket,0x023,0x06d,RENUMBERED
CSEditorGameModePacket,0x02b,0x0f2,RENUMBERED
CSEndMusicPacket,0x124,,REMOVED_IN_2_0
CSEnprotectStubCallResponsePacket_,,0x0bb,NEW_IN_2_0
CSEnterBeautySalonPacket,0x12e,,REMOVED_IN_2_0
CSEnteredInstantGameWorldPacket,0x0e4,0x09b,RENUMBERED
CSEquipmentsSecurePacket,0x04c,0x172,RENUMBERED
CSEquipmentsUnsecurePacket,0x04d,0x0fb,RENUMBERED
CSExecuteCraft,0x0f8,,REMOVED_IN_2_0
CSExecuteCraftPacket,,0x05a,NEW_IN_2_0
CSExitBeautySalonPacket,0x12c,,REMOVED_IN_2_0
CSExpandExpertPacket,0x101,0x127,RENUMBERED
CSExpandSlotsPacket,0x041,0x180,RENUMBERED
CSExpressEmotionPacket,0x0ad,0x06a,RENUMBERED
CSFactionCancelProtectionPacket_,,0x107,NEW_IN_2_0
CSFactionDeclareHostilePacket,0x019,0x0e2,RENUMBERED
CSFactionGetDeclarationMoneyPacket_,,0x005,NEW_IN_2_0
CSFactionGetExpeditionWarHistoryPacket_,,0x037,NEW_IN_2_0
CSFactionImmigrateToOriginPacket,0x017,0x0c2,RENUMBERED
CSFactionImmigrationInvitePacket,0x015,0x17f,RENUMBERED
CSFactionImmigrationInviteReplyPacket,0x016,0x0c1,RENUMBERED
CSFactionKickToOriginPacket,0x018,0x11c,RENUMBERED
CSFamilyChangeOwnerPacket,0x01f,0x17a,RENUMBERED
CSFamilyChangeTitlePacket,0x01e,0x02b,RENUMBERED
CSFamilyInviteMemberPacket,0x01a,0x088,RENUMBERED
CSFamilyKickPacket,0x01d,0x154,RENUMBERED
CSFamilyLeavePacket,0x01c,0x10b,RENUMBERED
CSFamilyReplyInvitationPacket,0x01b,0x0b4,RENUMBERED
CSHangPacket,0x0cb,0x0a5,RENUMBERED
CSHeroAbstainPacket,,0x084,NEW_IN_2_0
CSHeroCandidatePacketList,,0x0a0,NEW_IN_2_0
CSHeroRankingListPacket,,0x11f,NEW_IN_2_0
CSHeroVotingPacket,,0x11b,NEW_IN_2_0
CSHgResponse_05_Packet,,0x12a,NEW_IN_2_0
CSHgResponsePacket,,0x12a,NEW_IN_2_0
CSHSResponsePacket,,0x069,NEW_IN_2_0
CSICSBuyAAPointPacket,,0x007,NEW_IN_2_0
CSICSBuyGoodPacket,0x11d,0x092,RENUMBERED
CSICSGoodsListPacket,0x11c,0x122,RENUMBERED
CSICSMenuListPacket,0x11b,0x052,RENUMBERED
CSICSMoneyRequestPacket,0x11e,0x02e,RENUMBERED
CSIdleStatusPacket,0x132,0x131,RENUMBERED
CSInstanceLoadedPacket,0x0e0,0x0d6,RENUMBERED
CSInteractGimmickPacket,,0x030,NEW_IN_2_0
CSInteractNPCEndPacket,0x066,0x136,RENUMBERED
CSInteractNPCPacket,0x065,0x0bc,RENUMBERED
CSInviteAreaToTeamPacket,0x07b,0x102,RENUMBERED
CSInviteToExpeditionPacket,0x00c,0x00b,RENUMBERED
CSInviteToTeamPacket,0x07a,0x15d,RENUMBERED
CSItemSecurePacket,0x04a,0x071,RENUMBERED
CSItemUccPacket,,0x0b8,NEW_IN_2_0
CSItemUnsecurePacket,0x04b,0x072,RENUMBERED
CSJoinInstantGamePacket,0x0e3,0x145,RENUMBERED
CSJoinTrialAudiencePacket,0x077,0x0d9,RENUMBERED
CSJoinUserChatChannelPacket,0x061,0x008,RENUMBERED
CSJuryEndTestimonyPacket,0x073,0x003,RENUMBERED
CSJurySummonedPacket,0x072,0x11a,RENUMBERED
CSJuryVerdictPacket,0x075,0x167,RENUMBERED
CSKickFromExpeditionPacket,0x00f,0x038,RENUMBERED
CSKickTeamMemberPacket,0x07e,0x0eb,RENUMBERED
CSLearnBuffPacket,0x093,0x028,RENUMBERED
CSLearnSkillPacket,0x092,0x09a,RENUMBERED
CSLeaveChatChannelPacket,0x062,0x01d,RENUMBERED
CSLeaveExpeditionPacket,0x00e,0x07e,RENUMBERED
CSLeaveInstantGamePacket,0x0e5,0x11e,RENUMBERED
CSLeaveTeamPacket,0x07d,0x010,RENUMBERED
CSLeaveTrialAudiencePacket,0x078,0x051,RENUMBERED
CSLeaveWorldPacket,0x001,0x132,RENUMBERED
CSListCharacterPacket,0x020,0xfff,RENUMBERED
CSListMailContinuePacket,0x09b,0xfff,RENUMBERED
CSListMailPacket,0x09a,0xfff,RENUMBERED
CSListSoldItemPacket,0x0b1,0x0cc,RENUMBERED
CSListSpecialtyGoodsPacket,0x044,0x05b,RENUMBERED
CSLootCloseBagPacket,0x090,0x14c,RENUMBERED
CSLootDicePacket,0x091,0x0a6,RENUMBERED
CSLootItemPacket,0x08f,0x153,RENUMBERED
CSLootOpenBagPacket,0x08e,0x116,RENUMBERED
CSMakeTeamOwnerPacket,0x07f,0x100,RENUMBERED
CSMountMatePacket,0x0a7,0x161,RENUMBERED
CSMoveTeamMemberPacket,0x081,0x118,RENUMBERED
CSMoveUnitPacket,0x089,0x12f,RENUMBERED
CSNaviOpenBountyPacket,0x0ea,0x050,RENUMBERED
CSNaviOpenPortalPacket,0x0e8,0x176,RENUMBERED
CSNaviTeleportPacket,0x0e7,0x15f,RENUMBERED
CSNotifyInGameCompletedPacket,0x02a,0x05e,RENUMBERED
CSNotifyInGamePacket,0x029,0x0c7,RENUMBERED
CSNotifySubZonePacket,0x112,0x020,RENUMBERED
CSPauseUserMusicPacket,,0x135,NEW_IN_2_0
CSPayChargeMoneyPacket,0x0a0,0x098,RENUMBERED
CSPremiumServiceBuyPacket,0x135,0x040,RENUMBERED
CSPremiumServiceListPacket,0x136,0x06c,RENUMBERED
CSPremiumServiceMsgPacket,0x13c,,REMOVED_IN_2_0
CSPremiumServieceMsgPacket,,0x139,NEW_IN_2_0
CSProtectSensitiveOperationPacket_,,0x047,NEW_IN_2_0
CSPutupTradeItemPacket,0x0f0,0x112,RENUMBERED
CSPutupTradeMoneyPacket,0x0f1,0x058,RENUMBERED
CSQuestStartWithPacket,0x0db,0x0d2,RENUMBERED
CSQuestTalkMadePacket,0x0da,0x053,RENUMBERED
CSQuestUnkPacket,,0x0dc,NEW_IN_2_0
CSRankCharacterPacket,0x12F,0x105,RENUMBERED
CSRankSnapshotPacket,,0x0d7,NEW_IN_2_0
CSReadMailPacket,0x09c,0x094,RENUMBERED
CSRefreshInCharacterListPacket,0x021,0x018,RENUMBERED
CSRemoveBuffPacket,0x055,0x0bf,RENUMBERED
CSRemoveCommonFarmsPacket,,0x089,NEW_IN_2_0
CSRemoveMatePacket,0x0a4,0xfff,RENUMBERED
CSRenameExpeditionPacket,0x009,0x178,RENUMBERED
CSRepairAllEquipmentsPacket,0x03d,0x070,RENUMBERED
CSRepairPetItemsPacket,0x0b5,0x179,RENUMBERED
CSRepairSingleEquipmentPacket,0x03c,0x142,RENUMBERED
CSRepairSlaveItemsPacket,0x035,0xfff,RENUMBERED
CSRepairSlaveItemsPackeе,,0x039,NEW_IN_2_0
CSReplyExpeditionInvitationPacket,0x00d,0xfff,RENUMBERED
CSReplyImprisonOrTrialPacket,0x06f,0x056,RENUMBERED
CSReplyInviteJuryPacket,0x071,0x011,RENUMBERED
CSReplyToJoinTeamPacket,0x07c,0x157,RENUMBERED
CSReportCrimePacket,0x076,0x0fe,RENUMBERED
CSReportSpamPacket,0x0a3,0xfff,RENUMBERED
CSRequestCharBriefPacket,0x02d,0x031,RENUMBERED
CSRequestCommonFarmList,0x10b,,REMOVED_IN_2_0
CSRequestHouseTaxPacket,0x05c,0x001,RENUMBERED
CSRequestJuryWaitingNumberPacket,0x079,0x165,RENUMBERED
CSRequestMusicNotesPacket,0x123,0x138,RENUMBERED
CSRequestPermissionToPlayCinemaForDirectingMode,0xd0,,REMOVED_IN_2_0
CSRequestSecondPasswordKeyTablesPacket,0x125,0x0e6,RENUMBERED
CSRequestSetBountyMoneyPacket,,0x120,NEW_IN_2_0
CSRequestSpecialtyCurrentPacket,0x131,,REMOVED_IN_2_0
CSRequestTencentFatigueInfoPacke,,0x087,NEW_IN_2_0
CSRequestUIDataPacket,0x117,0x01e,RENUMBERED
CSResetDemoCharPacket,,0x14f,NEW_IN_2_0
CSResetQuestContextPacket,0xfff,0xfff,SAME
CSResetSkillsPacket,0x094,0x0cb,RENUMBERED
CSRestartMainQuestPacket,0x0fd,0x014,RENUMBERED
CSRestrictCheckPacket,0x11a,0x0d0,RENUMBERED
CSResturnAddrs_05_Packet,,0x0fe,NEW_IN_2_0
CSResturnAddrsPacket,0x115,0x0fe,RENUMBERED
CSResurrectCharacterPacket,0x04e,0x062,RENUMBERED
CSReturnMailPacket,0xfff,0xfff,SAME
CSRollDicePacket,0x0bd,0x13e,RENUMBERED
CSSaveDoodadUccStringPacket,0xfff,0xfff,SAME
CSSaveTutorialPacket,0x0f5,0x12e,RENUMBERED
CSSaveUIDataPacket,0x118,0x174,RENUMBERED
CSSaveUserMusicNotesPacket,0x122,0x17b,RENUMBERED
CSSearchListPacket,0xfff,0xfff,SAME
CSSecurityReportPacket_,,0x004,NEW_IN_2_0
CSSelectCharacterPacket,0x025,0x0a4,RENUMBERED
CSSelectInteractionExPacket,0x06b,0x115,RENUMBERED
CSSellBackpackGoodsPacket,0x042,0x173,RENUMBERED
CSSellHouseCancelPacket,0x05f,0x13b,RENUMBERED
CSSellHousePacket,0x05e,0x140,RENUMBERED
CSSellItemsPacket,0x0b0,0x0f3,RENUMBERED
CSSendChatMessagePacket,0x063,0x114,RENUMBERED
CSSendMailPacket,0x098,0x073,RENUMBERED
CSSendUserMusicPacket,0x121,0x12d,RENUMBERED
CSSetCraftingPayPacket,0xfff,0xfff,SAME
CSSetForceAttackPacket,0x04f,0x074,RENUMBERED
CSSetLogicD,,0x059,NEW_IN_2_0
CSSetLogicDoodadPacket,0x0f6,0xfff,RENUMBERED
CSSetLpManageCharacterPacket,0x0fe,0x148,RENUMBERED
CSSetOverHeadMarkerPacket,0x086,0x0ff,RENUMBERED
CSSetPingPosPacket,0x087,0x086,RENUMBERED
CSSetTeamMemberRolePacket,0x085,0x09d,RENUMBERED
CSSetTeamOfficerPacket,0xfff,0xfff,SAME
CSSetupSecondPassword,0x140,,REMOVED_IN_2_0
CSSetupSecondPasswordPacket,,0xfff,NEW_IN_2_0
CSSkillControllerStatePacket,0x08a,0x0dd,RENUMBERED
CSSkipFinalStatementPacket,0x070,0x0ca,RENUMBERED
CSSpawnCharacterPacket,0x026,0x04b,RENUMBERED
CSSpawnSlavePacket,0x02e,0x164,RENUMBERED
CSSpecialtyRatioPacket,0x043,0xfff,RENUMBERED
CSSpecialtyRatioPackeе,,0x026,NEW_IN_2_0
CSSpecialtyRecordLoadPacket,0xfff,0xfff,SAME
CSSplitBagItemPacket,0x039,0x01f,RENUMBERED
CSSplitCofferItemPacket,0x03f,0x023,RENUMBERED
CSStartDuelPacket,0x051,0x15b,RENUMBERED
CSStartedCinemaPacket,0x0cf,0x02d,RENUMBERED
CSStartInteractionPacket,0x068,0x177,RENUMBERED
CSStartQuestContextPacket,0x0d5,0x00d,RENUMBERED
CSStartSkillPacket,0x052,0x16e,RENUMBERED
CSStartTradePacket,0x0ec,0x159,RENUMBERED
CSStopCastingPacket,0x054,0x012,RENUMBERED
CSSwapAbilityPacket,0x096,0x110,RENUMBERED
CSSwapCofferItemsPacket,0x040,0x181,RENUMBERED
CSSwapItemsPacket,0x03a,0x125,RENUMBERED
CSTakeAllAttachmentItemPacket,0x139,,REMOVED_IN_2_0
CSTakeAllSelectedAttachmentPacket,,0x064,NEW_IN_2_0
CSTakeAttachmentItemPacket,0x09d,0x024,RENUMBERED
CSTakeAttachmentMoneyPacket,0x09e,0x16d,RENUMBERED
CSTakeAttachmentSequentially,0x09f,,REMOVED_IN_2_0
CSTakeAttachmentSequentiallyPacket,,0xfff,NEW_IN_2_0
CSTakedownTradeItemPacket,0x0f2,0x0c8,RENUMBERED
CSTeleportEndedPacket,0x0b4,0x150,RENUMBERED
CSThisTimeUnpackItemPacket,0x134,0x106,RENUMBERED
CSTradeLockPacket,0x0f3,0x0b5,RENUMBERED
CSTradeOkPacket,0x0f4,0x01c,RENUMBERED
CSTryQuestCompleteAsLetItDonePacket,0x0dd,0x143,RENUMBERED
CSTurretStatePacket,0x036,0x0aa,RENUMBERED
CSUnbondDoodadPacket,0x0cd,0x078,RENUMBERED
CSUnhangPacket,0x0cc,0x17d,RENUMBERED
CSUnknownInstancePacket,0x13e,,REMOVED_IN_2_0
CSUnknownPacket__0x0cd,,0x0cd,NEW_IN_2_0
CSUnknownPacket_0x002,,0x002,NEW_IN_2_0
CSUnknownPacket_0x00e,,0x00e,NEW_IN_2_0
CSUnknownPacket_0x015,,0x015,NEW_IN_2_0
CSUnknownPacket_0x019,,0x019,NEW_IN_2_0
CSUnknownPacket_0x01a,,0x01a,NEW_IN_2_0
CSUnknownPacket_0x021,,0x021,NEW_IN_2_0
CSUnknownPacket_0x022,,0x022,NEW_IN_2_0
CSUnknownPacket_0x025,,0x025,NEW_IN_2_0
CSUnknownPacket_0x027,,0x027,NEW_IN_2_0
CSUnknownPacket_0x02a,,0x02a,NEW_IN_2_0
CSUnknownPacket_0x033,,0x033,NEW_IN_2_0
CSUnknownPacket_0x042,,0x042,NEW_IN_2_0
CSUnknownPacket_0x046,,0x046,NEW_IN_2_0
CSUnknownPacket_0x04a,,0x04a,NEW_IN_2_0
CSUnknownPacket_0x054,,0x054,NEW_IN_2_0
CSUnknownPacket_0x055,,0x055,NEW_IN_2_0
CSUnknownPacket_0x05f,,0x05f,NEW_IN_2_0
CSUnknownPacket_0x061,,0x061,NEW_IN_2_0
CSUnknownPacket_0x063,,0x063,NEW_IN_2_0
CSUnknownPacket_0x066,,0x066,NEW_IN_2_0
CSUnknownPacket_0x06b,,0x06b,NEW_IN_2_0
CSUnknownPacket_0x07d,,0x07d,NEW_IN_2_0
CSUnknownPacket_0x080,,0x080,NEW_IN_2_0
CSUnknownPacket_0x082,,0x082,NEW_IN_2_0
CSUnknownPacket_0x08a,,0x08a,NEW_IN_2_0
CSUnknownPacket_0x08b,,0x08b,NEW_IN_2_0
CSUnknownPacket_0x08e,,0x08e,NEW_IN_2_0
CSUnknownPacket_0x08f,,0x08f,NEW_IN_2_0
CSUnknownPacket_0x096,,0x096,NEW_IN_2_0
CSUnknownPacket_0x099,,0x099,NEW_IN_2_0
CSUnknownPacket_0x09c,,0x09c,NEW_IN_2_0
CSUnknownPacket_0x09f,,0x09f,NEW_IN_2_0
CSUnknownPacket_0x0ac,,0x0ac,NEW_IN_2_0
CSUnknownPacket_0x0ad,,0x0ad,NEW_IN_2_0
CSUnknownPacket_0x0b2,,0x0b2,NEW_IN_2_0
CSUnknownPacket_0x0be,,0x0be,NEW_IN_2_0
CSUnknownPacket_0x0ce,,0x0ce,NEW_IN_2_0
CSUnknownPacket_0x0d4,,0x0d4,NEW_IN_2_0
CSUnknownPacket_0x0da,,0x0da,NEW_IN_2_0
CSUnknownPacket_0x0db,,0x0db,NEW_IN_2_0
CSUnknownPacket_0x0e0,,0x0e0,NEW_IN_2_0
CSUnknownPacket_0x0e5,,0x0e5,NEW_IN_2_0
CSUnknownPacket_0x0e8,,0x0e8,NEW_IN_2_0
CSUnknownPacket_0x0f4,,0x0f4,NEW_IN_2_0
CSUnknownPacket_0x0f7,,0x0f7,NEW_IN_2_0
CSUnknownPacket_0x0fc,,0x0fc,NEW_IN_2_0
CSUnknownPacket_0x103,,0x103,NEW_IN_2_0
CSUnknownPacket_0x10e,,0x10e,NEW_IN_2_0
CSUnknownPacket_0x117,,0x117,NEW_IN_2_0
CSUnknownPacket_0x11d,,0x11d,NEW_IN_2_0
CSUnknownPacket_0x123,,0x123,NEW_IN_2_0
CSUnknownPacket_0x137,,0x137,NEW_IN_2_0
CSUnknownPacket_0x13c,,0x13c,NEW_IN_2_0
CSUnknownPacket_0x13d,,0x13d,NEW_IN_2_0
CSUnknownPacket_0x146,,0x146,NEW_IN_2_0
CSUnknownPacket_0x149,,0x149,NEW_IN_2_0
CSUnknownPacket_0x14d,,0x14d,NEW_IN_2_0
CSUnknownPacket_0x151,,0x151,NEW_IN_2_0
CSUnknownPacket_0x155,,0x155,NEW_IN_2_0
CSUnknownPacket_0x162,,0x162,NEW_IN_2_0
CSUnknownPacket_0x16c,,0x16c,NEW_IN_2_0
CSUnknownPacket_0x170,,0x170,NEW_IN_2_0
CSUnknownPacket_0x171,,0x171,NEW_IN_2_0
CSUnknownPacket_0x175,,0x175,NEW_IN_2_0
CSUnknownPacket_0x17c,,0x17c,NEW_IN_2_0
CSUnMountMatePacket,0x0a8,0x111,RENUMBERED
CSUpdateActionSlotPacket,0x0b6,0x035,RENUMBERED
CSUpdateBountyPacket,,0x0b7,NEW_IN_2_0
CSUpdateDominionTaxRatePacket,0x012,0x101,RENUMBERED
CSUpdateNationalTaxRatePacket,0xfff,0x0d1,RENUMBERED
CSUpgradeExpertLimitPacket,0x0ff,0x12c,RENUMBERED
CSUsePortalPacket,0x0de,0x10a,RENUMBERED
CSUseTeleportPacket,0x0b3,0x0a7,RENUMBERED
CSWithdrawMoneyPacket,0x048,0x05d,RENUMBERED
CSWorldRayCastingPacket,,0x085,NEW_IN_2_0
X2EnterWorldPacket,0x000,0x00,RENUMBERED

